,date,total_cases,new_cases,total_deaths,new_deaths,total_tests,new_test,positive_rate,total_vaccinations,new_vaccinations,people_vaccinated
0,2020-01-30,1.0,1.0,0.0,0.0,0.0,0.0,0.0,0.0,0.0,0.0
1,2020-01-31,1.0,0.0,0.0,0.0,0.0,0.0,0.0,0.0,0.0,0.0
2,2020-02-01,1.0,0.0,0.0,0.0,0.0,0.0,0.0,0.0,0.0,0.0
3,2020-02-02,2.0,1.0,0.0,0.0,0.0,0.0,0.0,0.0,0.0,0.0
4,2020-02-03,3.0,1.0,0.0,0.0,0.0,0.0,0.0,0.0,0.0,0.0
5,2020-02-04,3.0,0.0,0.0,0.0,0.0,0.0,0.0,0.0,0.0,0.0
6,2020-02-05,3.0,0.0,0.0,0.0,0.0,0.0,0.0,0.0,0.0,0.0
7,2020-02-06,3.0,0.0,0.0,0.0,0.0,0.0,0.0,0.0,0.0,0.0
8,2020-02-07,3.0,0.0,0.0,0.0,0.0,0.0,0.0,0.0,0.0,0.0
9,2020-02-08,3.0,0.0,0.0,0.0,0.0,0.0,0.0,0.0,0.0,0.0
10,2020-02-09,3.0,0.0,0.0,0.0,0.0,0.0,0.0,0.0,0.0,0.0
11,2020-02-10,3.0,0.0,0.0,0.0,0.0,0.0,0.0,0.0,0.0,0.0
12,2020-02-11,3.0,0.0,0.0,0.0,0.0,0.0,0.0,0.0,0.0,0.0
13,2020-02-12,3.0,0.0,0.0,0.0,0.0,0.0,0.0,0.0,0.0,0.0
14,2020-02-13,3.0,0.0,0.0,0.0,0.0,0.0,0.0,0.0,0.0,0.0
15,2020-02-14,3.0,0.0,0.0,0.0,0.0,0.0,0.0,0.0,0.0,0.0
16,2020-02-15,3.0,0.0,0.0,0.0,0.0,0.0,0.0,0.0,0.0,0.0
17,2020-02-16,3.0,0.0,0.0,0.0,0.0,0.0,0.0,0.0,0.0,0.0
18,2020-02-17,3.0,0.0,0.0,0.0,0.0,0.0,0.0,0.0,0.0,0.0
19,2020-02-18,3.0,0.0,0.0,0.0,0.0,0.0,0.0,0.0,0.0,0.0
20,2020-02-19,3.0,0.0,0.0,0.0,0.0,0.0,0.0,0.0,0.0,0.0
21,2020-02-20,3.0,0.0,0.0,0.0,0.0,0.0,0.0,0.0,0.0,0.0
22,2020-02-21,3.0,0.0,0.0,0.0,0.0,0.0,0.0,0.0,0.0,0.0
23,2020-02-22,3.0,0.0,0.0,0.0,0.0,0.0,0.0,0.0,0.0,0.0
24,2020-02-23,3.0,0.0,0.0,0.0,0.0,0.0,0.0,0.0,0.0,0.0
25,2020-02-24,3.0,0.0,0.0,0.0,0.0,0.0,0.0,0.0,0.0,0.0
26,2020-02-25,3.0,0.0,0.0,0.0,0.0,0.0,0.0,0.0,0.0,0.0
27,2020-02-26,3.0,0.0,0.0,0.0,0.0,0.0,0.0,0.0,0.0,0.0
28,2020-02-27,3.0,0.0,0.0,0.0,0.0,0.0,0.0,0.0,0.0,0.0
29,2020-02-28,3.0,0.0,0.0,0.0,0.0,0.0,0.0,0.0,0.0,0.0
30,2020-02-29,3.0,0.0,0.0,0.0,0.0,0.0,0.0,0.0,0.0,0.0
31,2020-03-01,3.0,0.0,0.0,0.0,0.0,0.0,0.0,0.0,0.0,0.0
32,2020-03-02,5.0,2.0,0.0,0.0,0.0,0.0,0.0,0.0,0.0,0.0
33,2020-03-03,5.0,0.0,0.0,0.0,0.0,0.0,0.0,0.0,0.0,0.0
34,2020-03-04,28.0,23.0,0.0,0.0,0.0,0.0,0.0,0.0,0.0,0.0
35,2020-03-05,30.0,2.0,0.0,0.0,0.0,0.0,0.0,0.0,0.0,0.0
36,2020-03-06,31.0,1.0,0.0,0.0,0.0,0.0,0.0,0.0,0.0,0.0
37,2020-03-07,34.0,3.0,0.0,0.0,0.0,0.0,0.0,0.0,0.0,0.0
38,2020-03-08,39.0,5.0,0.0,0.0,0.0,0.0,0.0,0.0,0.0,0.0
39,2020-03-09,43.0,4.0,0.0,0.0,0.0,0.0,0.0,0.0,0.0,0.0
40,2020-03-10,56.0,13.0,0.0,0.0,0.0,0.0,0.0,0.0,0.0,0.0
41,2020-03-11,62.0,6.0,1.0,1.0,0.0,0.0,0.0,0.0,0.0,0.0
42,2020-03-12,73.0,11.0,1.0,0.0,0.0,0.0,0.0,0.0,0.0,0.0
43,2020-03-13,82.0,9.0,2.0,1.0,6500.0,0.0,0.0,0.0,0.0,0.0
44,2020-03-14,102.0,20.0,2.0,0.0,0.0,0.0,0.0,0.0,0.0,0.0
45,2020-03-15,113.0,11.0,2.0,0.0,0.0,0.0,0.0,0.0,0.0,0.0
46,2020-03-16,119.0,6.0,2.0,0.0,0.0,0.0,0.0,0.0,0.0,0.0
47,2020-03-17,142.0,23.0,3.0,1.0,0.0,0.0,0.0,0.0,0.0,0.0
48,2020-03-18,156.0,14.0,3.0,0.0,13125.0,0.0,0.0,0.0,0.0,0.0
49,2020-03-19,194.0,38.0,4.0,1.0,13316.0,191.0,0.0,0.0,0.0,0.0
50,2020-03-20,244.0,50.0,5.0,1.0,14376.0,1060.0,0.021,0.0,0.0,0.0
51,2020-03-21,330.0,86.0,4.0,-1.0,15701.0,1325.0,0.028999999999999998,0.0,0.0,0.0
52,2020-03-22,396.0,66.0,7.0,3.0,16999.0,1298.0,0.036000000000000004,0.0,0.0,0.0
53,2020-03-23,499.0,103.0,10.0,3.0,20707.0,3708.0,0.037000000000000005,0.0,0.0,0.0
54,2020-03-24,536.0,37.0,10.0,0.0,20864.0,157.0,0.043,0.0,0.0,0.0
55,2020-03-25,657.0,121.0,12.0,2.0,25144.0,4280.0,0.042,0.0,0.0,0.0
56,2020-03-26,727.0,70.0,20.0,8.0,0.0,0.0,0.040999999999999995,0.0,0.0,0.0
57,2020-03-27,887.0,160.0,20.0,0.0,27688.0,0.0,0.048,0.0,0.0,0.0
58,2020-03-28,987.0,100.0,24.0,4.0,0.0,0.0,0.043,0.0,0.0,0.0
59,2020-03-29,1024.0,37.0,27.0,3.0,0.0,0.0,0.036000000000000004,0.0,0.0,0.0
60,2020-03-30,1251.0,227.0,32.0,5.0,0.0,0.0,0.044000000000000004,0.0,0.0,0.0
61,2020-03-31,1397.0,146.0,35.0,3.0,0.0,0.0,0.042,0.0,0.0,0.0
62,2020-04-01,1998.0,601.0,58.0,23.0,0.0,0.0,0.069,0.0,0.0,0.0
63,2020-04-02,2543.0,545.0,72.0,14.0,47951.0,0.0,0.084,0.0,0.0,0.0
64,2020-04-03,2567.0,24.0,72.0,0.0,69245.0,21294.0,0.04,0.0,0.0,0.0
65,2020-04-04,3082.0,515.0,86.0,14.0,79950.0,10705.0,0.043,0.0,0.0,0.0
66,2020-04-05,3588.0,506.0,99.0,13.0,89534.0,9584.0,0.047,0.0,0.0,0.0
67,2020-04-06,4778.0,1190.0,136.0,37.0,101068.0,11534.0,0.055999999999999994,0.0,0.0,0.0
68,2020-04-07,5311.0,533.0,150.0,14.0,114015.0,12947.0,0.054000000000000006,0.0,0.0,0.0
69,2020-04-08,5916.0,605.0,178.0,28.0,127919.0,13904.0,0.047,0.0,0.0,0.0
70,2020-04-09,6725.0,809.0,226.0,48.0,144910.0,16991.0,0.043,0.0,0.0,0.0
71,2020-04-10,7598.0,873.0,246.0,20.0,161330.0,16420.0,0.055,0.0,0.0,0.0
72,2020-04-11,8446.0,848.0,288.0,42.0,179374.0,18044.0,0.054000000000000006,0.0,0.0,0.0
73,2020-04-12,9205.0,759.0,331.0,43.0,195748.0,16374.0,0.053,0.0,0.0,0.0
74,2020-04-13,10453.0,1248.0,358.0,27.0,217554.0,21806.0,0.049,0.0,0.0,0.0
75,2020-04-14,11487.0,1034.0,393.0,35.0,244893.0,27339.0,0.047,0.0,0.0,0.0
76,2020-04-15,12322.0,835.0,405.0,12.0,274599.0,29706.0,0.044000000000000004,0.0,0.0,0.0
77,2020-04-16,13430.0,1108.0,448.0,43.0,302956.0,28357.0,0.042,0.0,0.0,0.0
78,2020-04-17,14352.0,922.0,486.0,38.0,335123.0,32167.0,0.039,0.0,0.0,0.0
79,2020-04-18,15722.0,1370.0,521.0,35.0,372123.0,37000.0,0.038,0.0,0.0,0.0
80,2020-04-19,17615.0,1893.0,559.0,38.0,401586.0,29463.0,0.040999999999999995,0.0,0.0,0.0
81,2020-04-20,18539.0,924.0,592.0,33.0,0.0,0.0,0.038,0.0,0.0,0.0
82,2020-04-21,20080.0,1541.0,645.0,53.0,462621.0,0.0,0.039,0.0,0.0,0.0
83,2020-04-22,21370.0,1290.0,681.0,36.0,0.0,0.0,0.044000000000000004,0.0,0.0,0.0
84,2020-04-23,23077.0,1707.0,721.0,40.0,500542.0,0.0,0.049,0.0,0.0,0.0
85,2020-04-24,24530.0,1453.0,780.0,59.0,541789.0,41247.0,0.049,0.0,0.0,0.0
86,2020-04-25,26283.0,1753.0,825.0,45.0,579957.0,38168.0,0.051,0.0,0.0,0.0
87,2020-04-26,27890.0,1607.0,881.0,56.0,625309.0,45352.0,0.046,0.0,0.0,0.0
88,2020-04-27,29451.0,1561.0,939.0,58.0,665819.0,40510.0,0.047,0.0,0.0,0.0
89,2020-04-28,31324.0,1873.0,1008.0,69.0,716733.0,50914.0,0.044000000000000004,0.0,0.0,0.0
90,2020-04-29,33062.0,1738.0,1079.0,71.0,770764.0,54031.0,0.04,0.0,0.0,0.0
91,2020-04-30,34863.0,1801.0,1154.0,75.0,830201.0,59437.0,0.036000000000000004,0.0,0.0,0.0
92,2020-05-01,37257.0,2394.0,1223.0,69.0,902654.0,72453.0,0.035,0.0,0.0,0.0
93,2020-05-02,39699.0,2442.0,1323.0,100.0,976363.0,73709.0,0.034,0.0,0.0,0.0
94,2020-05-03,42505.0,2806.0,1391.0,68.0,1046450.0,70087.0,0.035,0.0,0.0,0.0
95,2020-05-04,46437.0,3932.0,1566.0,175.0,1107233.0,60783.0,0.038,0.0,0.0,0.0
96,2020-05-05,49400.0,2963.0,1693.0,127.0,1191946.0,84713.0,0.038,0.0,0.0,0.0
97,2020-05-06,52987.0,3587.0,1785.0,92.0,1276781.0,84835.0,0.039,0.0,0.0,0.0
98,2020-05-07,56351.0,3364.0,1889.0,104.0,1357413.0,80632.0,0.040999999999999995,0.0,0.0,0.0
99,2020-05-08,59695.0,3344.0,1985.0,96.0,1437788.0,80375.0,0.042,0.0,0.0,0.0
100,2020-05-09,62808.0,3113.0,2101.0,116.0,1523213.0,85425.0,0.042,0.0,0.0,0.0
101,2020-05-10,67161.0,4353.0,2212.0,111.0,1609037.0,85824.0,0.044000000000000004,0.0,0.0,0.0
102,2020-05-11,70768.0,3607.0,2294.0,82.0,1673688.0,64651.0,0.043,0.0,0.0,0.0
103,2020-05-12,74292.0,3524.0,2415.0,121.0,1759579.0,85891.0,0.044000000000000004,0.0,0.0,0.0
104,2020-05-13,78055.0,3763.0,2551.0,136.0,1854250.0,94671.0,0.043,0.0,0.0,0.0
105,2020-05-14,81997.0,3942.0,2649.0,98.0,1947041.0,92791.0,0.043,0.0,0.0,0.0
106,2020-05-15,85784.0,3787.0,2753.0,104.0,2039952.0,92911.0,0.043,0.0,0.0,0.0
107,2020-05-16,90648.0,4864.0,2871.0,118.0,2134277.0,94325.0,0.046,0.0,0.0,0.0
108,2020-05-17,95698.0,5050.0,3025.0,154.0,2227642.0,93365.0,0.046,0.0,0.0,0.0
109,2020-05-18,100328.0,4630.0,3156.0,131.0,2302792.0,75150.0,0.047,0.0,0.0,0.0
110,2020-05-19,106475.0,6147.0,3302.0,146.0,2404267.0,101475.0,0.05,0.0,0.0,0.0
111,2020-05-20,112028.0,5553.0,3434.0,132.0,2512388.0,108121.0,0.052000000000000005,0.0,0.0,0.0
112,2020-05-21,118226.0,6198.0,3584.0,150.0,2615920.0,103532.0,0.054000000000000006,0.0,0.0,0.0
113,2020-05-22,124794.0,6568.0,3726.0,142.0,2719434.0,103514.0,0.057,0.0,0.0,0.0
114,2020-05-23,131423.0,6629.0,3868.0,142.0,2834798.0,115364.0,0.057999999999999996,0.0,0.0,0.0
115,2020-05-24,138536.0,7113.0,4024.0,156.0,2943421.0,108623.0,0.06,0.0,0.0,0.0
116,2020-05-25,144950.0,6414.0,4172.0,148.0,3033591.0,90170.0,0.061,0.0,0.0,0.0
117,2020-05-26,150793.0,5843.0,4344.0,172.0,3126119.0,92528.0,0.061,0.0,0.0,0.0
118,2020-05-27,158086.0,7293.0,4534.0,190.0,3242160.0,116041.0,0.063,0.0,0.0,0.0
119,2020-05-28,165386.0,7300.0,4711.0,177.0,3362136.0,119976.0,0.063,0.0,0.0,0.0
120,2020-05-29,173491.0,8105.0,4980.0,269.0,3483838.0,121702.0,0.064,0.0,0.0,0.0
121,2020-05-30,181827.0,8336.0,5185.0,205.0,3611599.0,127761.0,0.065,0.0,0.0,0.0
122,2020-05-31,190609.0,8782.0,5408.0,223.0,3737027.0,125428.0,0.066,0.0,0.0,0.0
123,2020-06-01,198370.0,7761.0,5608.0,200.0,3837207.0,100180.0,0.066,0.0,0.0,0.0
124,2020-06-02,207191.0,8821.0,5829.0,221.0,3966075.0,128868.0,0.067,0.0,0.0,0.0
125,2020-06-03,216824.0,9633.0,6088.0,259.0,4103233.0,137158.0,0.068,0.0,0.0,0.0
126,2020-06-04,226713.0,9889.0,6363.0,275.0,4242718.0,139485.0,0.07,0.0,0.0,0.0
127,2020-06-05,236184.0,9471.0,6649.0,286.0,4386379.0,143661.0,0.069,0.0,0.0,0.0
128,2020-06-06,246622.0,10438.0,6946.0,297.0,4524317.0,137938.0,0.071,0.0,0.0,0.0
129,2020-06-07,257486.0,10864.0,7207.0,261.0,4666386.0,142069.0,0.07200000000000001,0.0,0.0,0.0
130,2020-06-08,265928.0,8442.0,7473.0,266.0,4774434.0,108048.0,0.07200000000000001,0.0,0.0,0.0
131,2020-06-09,276146.0,10218.0,7750.0,277.0,4916116.0,141682.0,0.073,0.0,0.0,0.0
132,2020-06-10,286605.0,10459.0,8102.0,352.0,5061332.0,145216.0,0.073,0.0,0.0,0.0
133,2020-06-11,297535.0,10930.0,8498.0,396.0,5213140.0,151808.0,0.073,0.0,0.0,0.0
134,2020-06-12,308993.0,11458.0,8884.0,386.0,5363445.0,150305.0,0.075,0.0,0.0,0.0
135,2020-06-13,320922.0,11929.0,9195.0,311.0,5507182.0,143737.0,0.076,0.0,0.0,0.0
136,2020-06-14,332424.0,11502.0,9520.0,325.0,5658614.0,151432.0,0.076,0.0,0.0,0.0
137,2020-06-15,343091.0,10667.0,9900.0,380.0,5774133.0,115519.0,0.077,0.0,0.0,0.0
138,2020-06-16,354065.0,10974.0,11903.0,2003.0,5921069.0,146936.0,0.078,0.0,0.0,0.0
139,2020-06-17,366946.0,12881.0,12237.0,334.0,6084256.0,163187.0,0.079,0.0,0.0,0.0
140,2020-06-18,380532.0,13586.0,12573.0,336.0,6249668.0,165412.0,0.08,0.0,0.0,0.0
141,2020-06-19,395048.0,14516.0,12948.0,375.0,6426627.0,176959.0,0.081,0.0,0.0,0.0
142,2020-06-20,410451.0,15403.0,13254.0,306.0,6616496.0,189869.0,0.081,0.0,0.0,0.0
143,2020-06-21,425282.0,14831.0,13699.0,445.0,6807226.0,190730.0,0.081,0.0,0.0,0.0
144,2020-06-22,440215.0,14933.0,14011.0,312.0,6950493.0,143267.0,0.083,0.0,0.0,0.0
145,2020-06-23,456183.0,15968.0,14476.0,465.0,7137716.0,187223.0,0.084,0.0,0.0,0.0
146,2020-06-24,473105.0,16922.0,14894.0,418.0,7352911.0,215195.0,0.084,0.0,0.0,0.0
147,2020-06-25,490401.0,17296.0,15301.0,407.0,7560782.0,207871.0,0.084,0.0,0.0,0.0
148,2020-06-26,508953.0,18552.0,15685.0,384.0,7776228.0,215446.0,0.084,0.0,0.0,0.0
149,2020-06-27,528859.0,19906.0,16095.0,410.0,7996707.0,220479.0,0.086,0.0,0.0,0.0
150,2020-06-28,548318.0,19459.0,16475.0,380.0,8227802.0,231095.0,0.087,0.0,0.0,0.0
151,2020-06-29,566840.0,18522.0,16893.0,418.0,8398362.0,170560.0,0.087,0.0,0.0,0.0
152,2020-06-30,585481.0,18641.0,17400.0,507.0,8608654.0,210292.0,0.08800000000000001,0.0,0.0,0.0
153,2020-07-01,604641.0,19160.0,17834.0,434.0,8826585.0,217931.0,0.08900000000000001,0.0,0.0,0.0
154,2020-07-02,625544.0,20903.0,18213.0,379.0,9056173.0,229588.0,0.09,0.0,0.0,0.0
155,2020-07-03,648315.0,22771.0,18655.0,442.0,9297749.0,241576.0,0.092,0.0,0.0,0.0
156,2020-07-04,673165.0,24850.0,19268.0,613.0,9540132.0,242383.0,0.09300000000000001,0.0,0.0,0.0
157,2020-07-05,697413.0,24248.0,19693.0,425.0,9789066.0,248934.0,0.095,0.0,0.0,0.0
158,2020-07-06,719664.0,22251.0,20159.0,466.0,9969662.0,180596.0,0.09699999999999999,0.0,0.0,0.0
159,2020-07-07,742417.0,22753.0,20642.0,483.0,10211092.0,241430.0,0.098,0.0,0.0,0.0
160,2020-07-08,767296.0,24879.0,21129.0,487.0,10473771.0,262679.0,0.099,0.0,0.0,0.0
161,2020-07-09,793802.0,26506.0,21604.0,475.0,10740832.0,267061.0,0.1,0.0,0.0,0.0
162,2020-07-10,820916.0,27114.0,22123.0,519.0,11024491.0,283659.0,0.1,0.0,0.0,0.0
163,2020-07-11,849522.0,28606.0,22673.0,550.0,11307002.0,282511.0,0.1,0.0,0.0,0.0
164,2020-07-12,878254.0,28732.0,23174.0,501.0,11587153.0,280151.0,0.10099999999999999,0.0,0.0,0.0
165,2020-07-13,906752.0,28498.0,23727.0,553.0,11806256.0,219103.0,0.102,0.0,0.0,0.0
166,2020-07-14,936181.0,29429.0,24309.0,582.0,12092503.0,286247.0,0.10300000000000001,0.0,0.0,0.0
167,2020-07-15,968857.0,32676.0,24914.0,605.0,12412664.0,320161.0,0.10400000000000001,0.0,0.0,0.0
168,2020-07-16,1003832.0,34975.0,25602.0,688.0,12739490.0,326826.0,0.105,0.0,0.0,0.0
169,2020-07-17,1039084.0,35252.0,26273.0,671.0,13072718.0,333228.0,0.107,0.0,0.0,0.0
170,2020-07-18,1077781.0,38697.0,26816.0,543.0,13433742.0,361024.0,0.107,0.0,0.0,0.0
171,2020-07-19,1118206.0,40425.0,27497.0,681.0,13791869.0,358127.0,0.109,0.0,0.0,0.0
172,2020-07-20,1155338.0,37132.0,28082.0,585.0,14047908.0,256039.0,0.111,0.0,0.0,0.0
173,2020-07-21,1193078.0,37740.0,28732.0,650.0,14381303.0,333395.0,0.11199999999999999,0.0,0.0,0.0
174,2020-07-22,1238798.0,45720.0,29861.0,1129.0,14724546.0,343243.0,0.11699999999999999,0.0,0.0,0.0
175,2020-07-23,1288108.0,49310.0,30601.0,740.0,15075369.0,350823.0,0.122,0.0,0.0,0.0
176,2020-07-24,1337024.0,48916.0,31358.0,757.0,15428170.0,352801.0,0.126,0.0,0.0,0.0
177,2020-07-25,1385635.0,48611.0,32060.0,702.0,15849068.0,420898.0,0.127,0.0,0.0,0.0
178,2020-07-26,1435616.0,49981.0,32771.0,711.0,16291331.0,442263.0,0.127,0.0,0.0,0.0
179,2020-07-27,1480073.0,44457.0,33408.0,637.0,16806803.0,515472.0,0.11800000000000001,0.0,0.0,0.0
180,2020-07-28,1531669.0,51596.0,34193.0,785.0,17334885.0,528082.0,0.115,0.0,0.0,0.0
181,2020-07-29,1581963.0,50294.0,34955.0,762.0,17743740.0,408855.0,0.114,0.0,0.0,0.0
182,2020-07-30,1634746.0,52783.0,35718.0,763.0,18190382.0,446642.0,0.111,0.0,0.0,0.0
183,2020-07-31,1695988.0,61242.0,36511.0,793.0,18832970.0,642588.0,0.105,0.0,0.0,0.0
184,2020-08-01,1750723.0,54735.0,37364.0,853.0,19358659.0,525689.0,0.10400000000000001,0.0,0.0,0.0
185,2020-08-02,1803695.0,52972.0,38135.0,771.0,19821831.0,463172.0,0.10400000000000001,0.0,0.0,0.0
186,2020-08-03,1855745.0,52050.0,38938.0,803.0,20202858.0,381027.0,0.111,0.0,0.0,0.0
187,2020-08-04,1908254.0,52509.0,39795.0,857.0,20864750.0,661892.0,0.107,0.0,0.0,0.0
188,2020-08-05,1964536.0,56282.0,40699.0,904.0,21484402.0,619652.0,0.102,0.0,0.0,0.0
189,2020-08-06,2027074.0,62538.0,41585.0,886.0,22149351.0,664949.0,0.099,0.0,0.0,0.0
190,2020-08-07,2088611.0,61537.0,42518.0,933.0,22788393.0,639042.0,0.099,0.0,0.0,0.0
191,2020-08-08,2153010.0,64399.0,43379.0,861.0,23387171.0,598778.0,0.1,0.0,0.0,0.0
192,2020-08-09,2215074.0,62064.0,44386.0,1007.0,24106535.0,719364.0,0.096,0.0,0.0,0.0
193,2020-08-10,2268675.0,53601.0,45257.0,871.0,24583558.0,477023.0,0.094,0.0,0.0,0.0
194,2020-08-11,2329638.0,60963.0,46091.0,834.0,25281848.0,698290.0,0.095,0.0,0.0,0.0
195,2020-08-12,2396637.0,66999.0,47033.0,942.0,26015297.0,733449.0,0.095,0.0,0.0,0.0
196,2020-08-13,2461190.0,64553.0,48040.0,1007.0,26845688.0,830391.0,0.092,0.0,0.0,0.0
197,2020-08-14,2525922.0,64732.0,49036.0,996.0,27694416.0,848728.0,0.08900000000000001,0.0,0.0,0.0
198,2020-08-15,2589952.0,64030.0,49980.0,944.0,28563095.0,868679.0,0.084,0.0,0.0,0.0
199,2020-08-16,2647663.0,57711.0,50921.0,941.0,29309703.0,746608.0,0.083,0.0,0.0,0.0
200,2020-08-17,2702681.0,55018.0,51797.0,876.0,30041400.0,731697.0,0.08,0.0,0.0,0.0
201,2020-08-18,2767253.0,64572.0,52888.0,1091.0,30941264.0,899864.0,0.077,0.0,0.0,0.0
202,2020-08-19,2836925.0,69672.0,53866.0,978.0,31742782.0,801518.0,0.077,0.0,0.0,0.0
203,2020-08-20,2905825.0,68900.0,54849.0,983.0,32661252.0,918470.0,0.076,0.0,0.0,0.0
204,2020-08-21,2975701.0,69876.0,55794.0,945.0,33467237.0,805985.0,0.078,0.0,0.0,0.0
205,2020-08-22,3044940.0,69239.0,56706.0,912.0,34491073.0,1023836.0,0.077,0.0,0.0,0.0
206,2020-08-23,3106348.0,61408.0,57542.0,836.0,35292220.0,801147.0,0.077,0.0,0.0,0.0
207,2020-08-24,3167323.0,60975.0,58390.0,848.0,35902137.0,609917.0,0.079,0.0,0.0,0.0
208,2020-08-25,3224547.0,57224.0,59357.0,967.0,36827520.0,925383.0,0.078,0.0,0.0,0.0
209,2020-08-26,3310234.0,85687.0,60472.0,1115.0,37651512.0,823992.0,0.08,0.0,0.0,0.0
210,2020-08-27,3387500.0,77266.0,61529.0,1057.0,38576510.0,924998.0,0.081,0.0,0.0,0.0
211,2020-08-28,3463972.0,76472.0,62550.0,1021.0,39477848.0,901338.0,0.081,0.0,0.0,0.0
212,2020-08-29,3542733.0,78761.0,63498.0,948.0,40406609.0,928761.0,0.084,0.0,0.0,0.0
213,2020-08-30,3621245.0,78512.0,64469.0,971.0,41461636.0,1055027.0,0.083,0.0,0.0,0.0
214,2020-08-31,3691166.0,69921.0,65288.0,819.0,42307914.0,846278.0,0.08199999999999999,0.0,0.0,0.0
215,2020-09-01,3769523.0,78357.0,66333.0,1045.0,43324834.0,1016920.0,0.084,0.0,0.0,0.0
216,2020-09-02,3853406.0,83883.0,67376.0,1043.0,44337201.0,1012367.0,0.081,0.0,0.0,0.0
217,2020-09-03,3936747.0,83341.0,68472.0,1096.0,45509380.0,1172179.0,0.079,0.0,0.0,0.0
218,2020-09-04,4023179.0,86432.0,69561.0,1089.0,46679145.0,1169765.0,0.078,0.0,0.0,0.0
219,2020-09-05,4113811.0,90632.0,70626.0,1065.0,47738491.0,1059346.0,0.078,0.0,0.0,0.0
220,2020-09-06,4204613.0,90802.0,71642.0,1016.0,48831145.0,1092654.0,0.079,0.0,0.0,0.0
221,2020-09-07,4280422.0,75809.0,72775.0,1133.0,49551507.0,720362.0,0.081,0.0,0.0,0.0
222,2020-09-08,4370128.0,89706.0,73890.0,1115.0,50650128.0,1098621.0,0.08199999999999999,0.0,0.0,0.0
223,2020-09-09,4465863.0,95735.0,75062.0,1172.0,51804677.0,1154549.0,0.08199999999999999,0.0,0.0,0.0
224,2020-09-10,4562414.0,96551.0,76271.0,1209.0,52934433.0,1129756.0,0.084,0.0,0.0,0.0
225,2020-09-11,4659984.0,97570.0,77472.0,1201.0,54097975.0,1163542.0,0.086,0.0,0.0,0.0
226,2020-09-12,4754356.0,94372.0,78586.0,1114.0,55189226.0,1091251.0,0.086,0.0,0.0,0.0
227,2020-09-13,4846427.0,92071.0,79722.0,1136.0,56260928.0,1071702.0,0.086,0.0,0.0,0.0
228,2020-09-14,4930236.0,83809.0,80776.0,1054.0,57239428.0,978500.0,0.085,0.0,0.0,0.0
229,2020-09-15,5020359.0,90123.0,82066.0,1290.0,58312273.0,1072845.0,0.085,0.0,0.0,0.0
230,2020-09-16,5118253.0,97894.0,83198.0,1132.0,59429115.0,1116842.0,0.086,0.0,0.0,0.0
231,2020-09-17,5214677.0,96424.0,84372.0,1174.0,60565728.0,1136613.0,0.085,0.0,0.0,0.0
232,2020-09-18,5308014.0,93337.0,85619.0,1247.0,61572343.0,1006615.0,0.087,0.0,0.0,0.0
233,2020-09-19,5400619.0,92605.0,86752.0,1133.0,62454254.0,881911.0,0.08900000000000001,0.0,0.0,0.0
234,2020-09-20,5487580.0,86961.0,87882.0,1130.0,63661060.0,1206806.0,0.087,0.0,0.0,0.0
235,2020-09-21,5562663.0,75083.0,88935.0,1053.0,64392594.0,731534.0,0.08800000000000001,0.0,0.0,0.0
236,2020-09-22,5646010.0,83347.0,90020.0,1085.0,65325779.0,933185.0,0.08900000000000001,0.0,0.0,0.0
237,2020-09-23,5732518.0,86508.0,91149.0,1129.0,66279462.0,953683.0,0.09,0.0,0.0,0.0
238,2020-09-24,5818570.0,86052.0,92290.0,1141.0,67436031.0,1156569.0,0.08800000000000001,0.0,0.0,0.0
239,2020-09-25,5903932.0,85362.0,93379.0,1089.0,68928440.0,1492409.0,0.081,0.0,0.0,0.0
240,2020-09-26,5992532.0,88600.0,94503.0,1124.0,70269975.0,1341535.0,0.076,0.0,0.0,0.0
241,2020-09-27,6074702.0,82170.0,95542.0,1039.0,71257836.0,987861.0,0.077,0.0,0.0,0.0
242,2020-09-28,6145291.0,70589.0,96318.0,776.0,71967230.0,709394.0,0.077,0.0,0.0,0.0
243,2020-09-29,6225763.0,80472.0,97497.0,1179.0,73110041.0,1142811.0,0.07400000000000001,0.0,0.0,0.0
244,2020-09-30,6312584.0,86821.0,98678.0,1181.0,74196729.0,1086688.0,0.073,0.0,0.0,0.0
245,2020-10-01,6394068.0,81484.0,99773.0,1095.0,75619781.0,1423052.0,0.07,0.0,0.0,0.0
246,2020-10-02,6473544.0,79476.0,100842.0,1069.0,76717728.0,1097947.0,0.073,0.0,0.0,0.0
247,2020-10-03,6549373.0,75829.0,101782.0,940.0,77850403.0,1132675.0,0.073,0.0,0.0,0.0
248,2020-10-04,6623815.0,74442.0,102685.0,903.0,78992534.0,1142131.0,0.071,0.0,0.0,0.0
249,2020-10-05,6685082.0,61267.0,103569.0,884.0,79982394.0,989860.0,0.067,0.0,0.0,0.0
250,2020-10-06,6757131.0,72049.0,104555.0,986.0,81071797.0,1089403.0,0.067,0.0,0.0,0.0
251,2020-10-07,6835655.0,78524.0,105526.0,971.0,82271654.0,1199857.0,0.065,0.0,0.0,0.0
252,2020-10-08,6906151.0,70496.0,106490.0,964.0,83465975.0,1194321.0,0.065,0.0,0.0,0.0
253,2020-10-09,6979423.0,73272.0,107416.0,926.0,84634680.0,1168705.0,0.064,0.0,0.0,0.0
254,2020-10-10,7053806.0,74383.0,108334.0,918.0,85798698.0,1164018.0,0.063,0.0,0.0,0.0
255,2020-10-11,7120538.0,66732.0,109150.0,816.0,86877242.0,1078544.0,0.063,0.0,0.0,0.0
256,2020-10-12,7175880.0,55342.0,109856.0,706.0,87872093.0,994851.0,0.062,0.0,0.0,0.0
257,2020-10-13,7239389.0,63509.0,110586.0,730.0,88945107.0,1073014.0,0.061,0.0,0.0,0.0
258,2020-10-14,7307097.0,67708.0,111266.0,680.0,90090122.0,1145015.0,0.06,0.0,0.0,0.0
259,2020-10-15,7370468.0,63371.0,112161.0,895.0,91226305.0,1136183.0,0.06,0.0,0.0,0.0
260,2020-10-16,7432680.0,62212.0,112998.0,837.0,92254927.0,1028622.0,0.059000000000000004,0.0,0.0,0.0
261,2020-10-17,7494551.0,61871.0,114031.0,1033.0,93254017.0,999090.0,0.059000000000000004,0.0,0.0,0.0
262,2020-10-18,7550273.0,55722.0,114610.0,579.0,94224190.0,970173.0,0.057999999999999996,0.0,0.0,0.0
263,2020-10-19,7597063.0,46790.0,115197.0,587.0,95083976.0,859786.0,0.057999999999999996,0.0,0.0,0.0
264,2020-10-20,7651107.0,54044.0,115914.0,717.0,96116771.0,1032795.0,0.057,0.0,0.0,0.0
265,2020-10-21,7706946.0,55839.0,116616.0,702.0,97200379.0,1083608.0,0.055999999999999994,0.0,0.0,0.0
266,2020-10-22,7761312.0,54366.0,117306.0,690.0,98670363.0,1469984.0,0.053,0.0,0.0,0.0
267,2020-10-23,7814682.0,53370.0,117956.0,650.0,100113085.0,1442722.0,0.049,0.0,0.0,0.0
268,2020-10-24,7864811.0,50129.0,118534.0,578.0,101382564.0,1269479.0,0.046,0.0,0.0,0.0
269,2020-10-25,7909959.0,45148.0,119014.0,480.0,102523469.0,1140905.0,0.043,0.0,0.0,0.0
270,2020-10-26,7946429.0,36470.0,119502.0,488.0,103462778.0,939309.0,0.042,0.0,0.0,0.0
271,2020-10-27,7990322.0,43893.0,120010.0,508.0,104420894.0,958116.0,0.040999999999999995,0.0,0.0,0.0
272,2020-10-28,8040203.0,49881.0,120527.0,517.0,105487680.0,1066786.0,0.04,0.0,0.0,0.0
273,2020-10-29,8088851.0,48648.0,121090.0,563.0,106563440.0,1075760.0,0.040999999999999995,0.0,0.0,0.0
274,2020-10-30,8137119.0,48268.0,121641.0,551.0,107728088.0,1164648.0,0.042,0.0,0.0,0.0
275,2020-10-31,8184082.0,46963.0,122111.0,470.0,108796064.0,1067976.0,0.043,0.0,0.0,0.0
276,2020-11-01,8229313.0,45231.0,122607.0,496.0,109887303.0,1091239.0,0.043,0.0,0.0,0.0
277,2020-11-02,8267623.0,38310.0,123097.0,490.0,110743103.0,855800.0,0.044000000000000004,0.0,0.0,0.0
278,2020-11-03,8313876.0,46253.0,123611.0,514.0,111789350.0,1046247.0,0.044000000000000004,0.0,0.0,0.0
279,2020-11-04,8364086.0,50210.0,124315.0,704.0,112998959.0,1209609.0,0.043,0.0,0.0,0.0
280,2020-11-05,8411724.0,47638.0,124985.0,670.0,114208384.0,1209425.0,0.042,0.0,0.0,0.0
281,2020-11-06,8462080.0,50356.0,125562.0,577.0,115429095.0,1220711.0,0.042,0.0,0.0,0.0
282,2020-11-07,8507754.0,45674.0,126121.0,559.0,116542304.0,1113209.0,0.042,0.0,0.0,0.0
283,2020-11-08,8553657.0,45903.0,126611.0,490.0,117736791.0,1194487.0,0.040999999999999995,0.0,0.0,0.0
284,2020-11-09,8591730.0,38073.0,127059.0,448.0,118572192.0,835401.0,0.040999999999999995,0.0,0.0,0.0
285,2020-11-10,8636011.0,44281.0,127571.0,512.0,119615857.0,1043665.0,0.040999999999999995,0.0,0.0,0.0
286,2020-11-11,8683916.0,47905.0,128121.0,550.0,120769151.0,1153294.0,0.040999999999999995,0.0,0.0,0.0
287,2020-11-12,8728795.0,44879.0,128668.0,547.0,121962509.0,1193358.0,0.040999999999999995,0.0,0.0,0.0
288,2020-11-13,8773479.0,44684.0,129188.0,520.0,123101739.0,1139230.0,0.040999999999999995,0.0,0.0,0.0
289,2020-11-14,8814579.0,41100.0,129635.0,447.0,124031230.0,929491.0,0.040999999999999995,0.0,0.0,0.0
290,2020-11-15,8845127.0,30548.0,130070.0,435.0,124836819.0,805589.0,0.040999999999999995,0.0,0.0,0.0
291,2020-11-16,8874290.0,29163.0,130519.0,449.0,125698525.0,861706.0,0.04,0.0,0.0,0.0
292,2020-11-17,8912907.0,38617.0,130993.0,474.0,126542907.0,844382.0,0.04,0.0,0.0,0.0
293,2020-11-18,8958483.0,45576.0,131578.0,585.0,127480186.0,937279.0,0.040999999999999995,0.0,0.0,0.0
294,2020-11-19,9004365.0,45882.0,132162.0,584.0,128508389.0,1028203.0,0.042,0.0,0.0,0.0
295,2020-11-20,9050597.0,46232.0,132726.0,564.0,129591786.0,1083397.0,0.043,0.0,0.0,0.0
296,2020-11-21,9095806.0,45209.0,133227.0,501.0,130657808.0,1066022.0,0.042,0.0,0.0,0.0
297,2020-11-22,9139865.0,44059.0,133738.0,511.0,131733134.0,1075326.0,0.043,0.0,0.0,0.0
298,2020-11-23,9177840.0,37975.0,134218.0,480.0,132582730.0,849596.0,0.044000000000000004,0.0,0.0,0.0
299,2020-11-24,9222216.0,44376.0,134699.0,481.0,133682275.0,1099545.0,0.043,0.0,0.0,0.0
300,2020-11-25,9266705.0,44489.0,135223.0,524.0,134841307.0,1159032.0,0.042,0.0,0.0,0.0
301,2020-11-26,9309787.0,43082.0,135715.0,492.0,135931545.0,1090238.0,0.040999999999999995,0.0,0.0,0.0
302,2020-11-27,9351109.0,41322.0,136200.0,485.0,137062749.0,1131204.0,0.04,0.0,0.0,0.0
303,2020-11-28,9392919.0,41810.0,136696.0,496.0,138220354.0,1157605.0,0.039,0.0,0.0,0.0
304,2020-11-29,9431691.0,38772.0,137139.0,443.0,139503803.0,1283449.0,0.038,0.0,0.0,0.0
305,2020-11-30,9462809.0,31118.0,137621.0,482.0,140379976.0,876173.0,0.037000000000000005,0.0,0.0,0.0
306,2020-12-01,9499413.0,36604.0,138122.0,501.0,141349298.0,969322.0,0.036000000000000004,0.0,0.0,0.0
307,2020-12-02,9534964.0,35551.0,138648.0,526.0,142445949.0,1096651.0,0.035,0.0,0.0,0.0
308,2020-12-03,9571559.0,36595.0,139188.0,540.0,143557647.0,1111698.0,0.034,0.0,0.0,0.0
309,2020-12-04,9608211.0,36652.0,139700.0,512.0,144727749.0,1170102.0,0.034,0.0,0.0,0.0
310,2020-12-05,9644222.0,36011.0,140182.0,482.0,145885512.0,1157763.0,0.033,0.0,0.0,0.0
311,2020-12-06,9677203.0,32981.0,140573.0,391.0,146986575.0,1101063.0,0.033,0.0,0.0,0.0
312,2020-12-07,9703770.0,26567.0,140958.0,385.0,147787656.0,801081.0,0.033,0.0,0.0,0.0
313,2020-12-08,9735850.0,32080.0,141360.0,402.0,148814055.0,1026399.0,0.032,0.0,0.0,0.0
314,2020-12-09,9767371.0,31521.0,141772.0,412.0,149836767.0,1022712.0,0.031,0.0,0.0,0.0
315,2020-12-10,9796744.0,29373.0,142185.0,413.0,150759726.0,922959.0,0.031,0.0,0.0,0.0
316,2020-12-11,9826775.0,30031.0,142628.0,443.0,0.0,0.0,0.031,0.0,0.0,0.0
317,2020-12-12,9857029.0,30254.0,143019.0,391.0,152697399.0,0.0,0.031,0.0,0.0,0.0
318,2020-12-13,9884100.0,27071.0,143355.0,336.0,153711833.0,1014434.0,0.031,0.0,0.0,0.0
319,2020-12-14,9906165.0,22065.0,143709.0,354.0,154566990.0,855157.0,0.03,0.0,0.0,0.0
320,2020-12-15,9932547.0,26382.0,144096.0,387.0,155560655.0,993665.0,0.028999999999999998,0.0,0.0,0.0
321,2020-12-16,9956557.0,24010.0,144451.0,355.0,156646280.0,1085625.0,0.027999999999999997,0.0,0.0,0.0
322,2020-12-17,9979447.0,22890.0,144789.0,338.0,157805240.0,1158960.0,0.026000000000000002,0.0,0.0,0.0
323,2020-12-18,10004599.0,25152.0,145136.0,347.0,158918646.0,1113406.0,0.025,0.0,0.0,0.0
324,2020-12-19,10031223.0,26624.0,145477.0,341.0,160090514.0,1171868.0,0.024,0.0,0.0,0.0
325,2020-12-20,10055560.0,24337.0,145810.0,333.0,161198195.0,1107681.0,0.023,0.0,0.0,0.0
326,2020-12-21,10075116.0,19556.0,146111.0,301.0,162098329.0,900134.0,0.022000000000000002,0.0,0.0,0.0
327,2020-12-22,10099066.0,23950.0,146444.0,333.0,163170557.0,1072228.0,0.022000000000000002,0.0,0.0,0.0
328,2020-12-23,10123778.0,24712.0,146756.0,312.0,164268721.0,1098164.0,0.022000000000000002,0.0,0.0,0.0
329,2020-12-24,10146845.0,23067.0,147092.0,336.0,165308366.0,1039645.0,0.022000000000000002,0.0,0.0,0.0
330,2020-12-25,10169118.0,22273.0,147343.0,251.0,166305762.0,997396.0,0.022000000000000002,0.0,0.0,0.0
331,2020-12-26,10187850.0,18732.0,147622.0,279.0,167159289.0,853527.0,0.022000000000000002,0.0,0.0,0.0
332,2020-12-27,10207871.0,20021.0,147901.0,279.0,168102657.0,943368.0,0.022000000000000002,0.0,0.0,0.0
333,2020-12-28,10224303.0,16432.0,148153.0,252.0,168818054.0,715397.0,0.022000000000000002,0.0,0.0,0.0
334,2020-12-29,10244852.0,20549.0,148439.0,286.0,169801749.0,983695.0,0.022000000000000002,0.0,0.0,0.0
335,2020-12-30,10266674.0,21822.0,148738.0,299.0,170922030.0,1120281.0,0.021,0.0,0.0,0.0
336,2020-12-31,10266674.0,0.0,148738.0,0.0,172049274.0,1127244.0,0.018000000000000002,0.0,0.0,0.0
337,2021-01-01,10286709.0,20035.0,148994.0,256.0,173111694.0,1062420.0,0.017,0.0,0.0,0.0
338,2021-01-02,10323965.0,37256.0,149435.0,441.0,173941658.0,829964.0,0.02,0.0,0.0,0.0
339,2021-01-03,10340469.0,16504.0,149649.0,214.0,174899783.0,958125.0,0.02,0.0,0.0,0.0
340,2021-01-04,10356844.0,16375.0,149850.0,201.0,175635761.0,735978.0,0.019,0.0,0.0,0.0
341,2021-01-05,10374932.0,18088.0,150114.0,264.0,176531997.0,896236.0,0.019,0.0,0.0,0.0
342,2021-01-06,10395278.0,20346.0,150336.0,222.0,177463405.0,931408.0,0.02,0.0,0.0,0.0
343,2021-01-07,10413417.0,18139.0,150570.0,234.0,178400995.0,937590.0,0.023,0.0,0.0,0.0
344,2021-01-08,10413417.0,0.0,150570.0,0.0,179336364.0,935369.0,0.02,0.0,0.0,0.0
345,2021-01-09,10450284.0,36867.0,150999.0,429.0,180253315.0,916951.0,0.02,0.0,0.0,0.0
346,2021-01-10,10466595.0,16311.0,151160.0,161.0,181096622.0,843307.0,0.02,0.0,0.0,0.0
347,2021-01-11,10479179.0,12584.0,151327.0,167.0,181755831.0,659209.0,0.02,0.0,0.0,0.0
348,2021-01-12,10495147.0,15968.0,151529.0,202.0,182652887.0,897056.0,0.02,0.0,0.0,0.0
349,2021-01-13,10512093.0,16946.0,151727.0,198.0,183489114.0,836227.0,0.019,0.0,0.0,0.0
350,2021-01-14,10527683.0,15590.0,151918.0,191.0,184232305.0,743191.0,0.02,0.0,0.0,0.0
351,2021-01-15,10542841.0,15158.0,152093.0,175.0,184962401.0,730096.0,0.023,0.0,0.0,0.0
352,2021-01-16,10557985.0,15144.0,152274.0,181.0,185765491.0,803090.0,0.02,191181.0,191181.0,191181.0
353,2021-01-17,10571773.0,13788.0,152419.0,145.0,186544868.0,779377.0,0.019,224301.0,33120.0,224301.0
354,2021-01-18,10581823.0,10050.0,152556.0,137.0,187093036.0,548168.0,0.019,454049.0,229748.0,454049.0
355,2021-01-19,10595639.0,13816.0,152718.0,162.0,187802827.0,709791.0,0.02,674835.0,220786.0,674835.0
356,2021-01-20,10610883.0,15244.0,152869.0,151.0,188566947.0,764120.0,0.019,806484.0,131649.0,806484.0
357,2021-01-21,10625428.0,14545.0,153032.0,163.0,189347782.0,780835.0,0.019,1043534.0,237050.0,1043534.0
358,2021-01-22,10639684.0,14256.0,153184.0,152.0,190148024.0,800242.0,0.019,1390592.0,347058.0,1390592.0
359,2021-01-23,10654533.0,14849.0,153339.0,155.0,190985119.0,837095.0,0.018000000000000002,1582201.0,191609.0,1582201.0
360,2021-01-24,10667736.0,13203.0,153470.0,131.0,191766871.0,781752.0,0.018000000000000002,1615504.0,33303.0,1615504.0
361,2021-01-25,10676838.0,9102.0,153587.0,117.0,192337117.0,570246.0,0.018000000000000002,2023809.0,408305.0,2023809.0
362,2021-01-26,10689527.0,12689.0,153724.0,137.0,193062694.0,725577.0,0.018000000000000002,2029480.0,5671.0,2029480.0
363,2021-01-27,10701193.0,11666.0,153847.0,123.0,193613120.0,550426.0,0.018000000000000002,2355979.0,326499.0,2355979.0
364,2021-01-28,10720048.0,18855.0,154010.0,163.0,194338773.0,725653.0,0.019,2928053.0,572074.0,2928053.0
365,2021-01-29,10733130.0,13082.0,154147.0,137.0,195081079.0,742306.0,0.019,3500027.0,571974.0,3500027.0
366,2021-01-30,10746174.0,13044.0,154274.0,127.0,195837408.0,756329.0,0.019,3744334.0,244307.0,3744334.0
367,2021-01-31,10757610.0,11436.0,154392.0,118.0,196588372.0,750964.0,0.019,3758843.0,14509.0,3758843.0
368,2021-02-01,10766245.0,8635.0,154486.0,94.0,197092635.0,504263.0,0.019,3950156.0,191313.0,3950156.0
369,2021-02-02,10777284.0,11039.0,154596.0,110.0,197752057.0,659422.0,0.019,4138918.0,188762.0,4138918.0
370,2021-02-03,10790183.0,12899.0,154703.0,107.0,198473178.0,721121.0,0.018000000000000002,4449552.0,310634.0,4449552.0
371,2021-02-04,10802591.0,12408.0,154823.0,120.0,199216019.0,742841.0,0.017,4959445.0,509893.0,4959445.0
372,2021-02-05,10814304.0,11713.0,154918.0,95.0,199931795.0,715776.0,0.017,5416849.0,457404.0,5416849.0
373,2021-02-06,10826363.0,12059.0,154996.0,78.0,200672589.0,740794.0,0.017,5775322.0,358473.0,5775322.0
374,2021-02-07,10838194.0,11831.0,155080.0,84.0,201368378.0,695789.0,0.017,5812362.0,37040.0,5812362.0
375,2021-02-08,10847304.0,9110.0,155158.0,78.0,201900614.0,532236.0,0.017,6259008.0,446646.0,6259008.0
376,2021-02-09,10858371.0,11067.0,155252.0,94.0,202587752.0,687138.0,0.017,6611561.0,352553.0,6611561.0
377,2021-02-10,10871294.0,12923.0,155360.0,108.0,203324655.0,736903.0,0.017,7017114.0,405553.0,7017114.0
378,2021-02-11,10880603.0,9309.0,155447.0,87.0,204023840.0,699185.0,0.016,7505010.0,487896.0,7505010.0
379,2021-02-12,10892746.0,12143.0,155550.0,103.0,204789784.0,765944.0,0.016,7967647.0,462637.0,7967647.0
380,2021-02-13,10904940.0,12194.0,155642.0,92.0,205533398.0,743614.0,0.016,8052454.0,84807.0,8044786.0
381,2021-02-14,10916589.0,11649.0,155732.0,90.0,206230512.0,697114.0,0.016,0.0,0.0,0.0
382,2021-02-15,10925710.0,9121.0,155813.0,81.0,206716634.0,486122.0,0.016,8516771.0,0.0,8418653.0
383,2021-02-16,10937320.0,11610.0,155913.0,100.0,207332298.0,615664.0,0.017,8857341.0,340570.0,8641002.0
384,2021-02-17,10950201.0,12881.0,156014.0,101.0,207977229.0,644931.0,0.017,9186757.0,329416.0,8844641.0
385,2021-02-18,10963394.0,13193.0,156111.0,97.0,208703791.0,726562.0,0.018000000000000002,9846523.0,659766.0,9381591.0
386,2021-02-19,10977387.0,13993.0,156212.0,101.0,209474862.0,771071.0,0.018000000000000002,10449942.0,603419.0,9693000.0
387,2021-02-20,10991651.0,14264.0,156302.0,90.0,210261480.0,786618.0,0.018000000000000002,10838323.0,388381.0,9964383.0
388,2021-02-21,11005850.0,14199.0,156385.0,83.0,210931530.0,670050.0,0.019,11085173.0,246850.0,10124531.0
389,2021-02-22,11016434.0,10584.0,156463.0,78.0,211551746.0,620216.0,0.019,11424094.0,338921.0,10308552.0
390,2021-02-23,11030176.0,13742.0,156567.0,104.0,212230431.0,678685.0,0.019,11907392.0,483298.0,10585757.0
391,2021-02-24,11046914.0,16738.0,156705.0,138.0,213036275.0,805844.0,0.019,12366633.0,459241.0,10884879.0
392,2021-02-25,11063491.0,16577.0,156825.0,120.0,213829658.0,793383.0,0.02,13067047.0,700414.0,11206188.0
393,2021-02-26,11079979.0,16488.0,156938.0,113.0,214661465.0,831807.0,0.02,13756940.0,689893.0,11552857.0
394,2021-02-27,11096731.0,16752.0,157051.0,113.0,215435383.0,773918.0,0.02,14242547.0,485607.0,11788669.0
395,2021-02-28,11112241.0,15510.0,157157.0,106.0,216231106.0,795723.0,0.02,14301266.0,58719.0,11845075.0
396,2021-03-01,11124527.0,12286.0,157248.0,91.0,216858774.0,627668.0,0.02,14854136.0,552870.0,12256337.0
397,2021-03-02,11139516.0,14989.0,157346.0,98.0,217618057.0,759283.0,0.02,15620749.0,766613.0,12906771.0
398,2021-03-03,11156923.0,17407.0,157435.0,89.0,218403277.0,785220.0,0.02,16616048.0,995299.0,13739121.0
399,2021-03-04,11173761.0,16838.0,157548.0,113.0,219178908.0,775631.0,0.021,18005503.0,1389455.0,14796835.0
400,2021-03-05,11192045.0,18284.0,157656.0,108.0,219940742.0,761834.0,0.021,19497704.0,1492201.0,15996683.0
401,2021-03-06,11210799.0,18754.0,157756.0,100.0,220692677.0,751935.0,0.022000000000000002,20922344.0,1424640.0,17168303.0
402,2021-03-07,11229398.0,18599.0,157853.0,97.0,221430507.0,737830.0,0.023,20989010.0,66666.0,17227903.0
403,2021-03-08,11244786.0,15388.0,157930.0,77.0,0.0,0.0,0.023,23008733.0,2019723.0,18943283.0
404,2021-03-09,11262707.0,17921.0,158063.0,133.0,222716796.0,0.0,0.024,24367906.0,1359173.0,20004227.0
405,2021-03-10,11285561.0,22854.0,158189.0,126.0,223479877.0,763081.0,0.025,25685011.0,1317105.0,21034481.0
406,2021-03-11,11308846.0,23285.0,158306.0,117.0,224258293.0,778416.0,0.027000000000000003,26164920.0,479909.0,21435841.0
407,2021-03-12,11333728.0,24882.0,158446.0,140.0,224998638.0,740345.0,0.027999999999999997,28218457.0,2053537.0,23075504.0
408,2021-03-13,11359048.0,25320.0,158607.0,161.0,225839273.0,840635.0,0.028999999999999998,29738409.0,1519952.0,24307635.0
409,2021-03-14,11385339.0,26291.0,158725.0,118.0,226703641.0,864368.0,0.03,29908038.0,169629.0,24452385.0
410,2021-03-15,11409831.0,24492.0,158856.0,131.0,227407413.0,703772.0,0.031,32947432.0,3039394.0,27079484.0
411,2021-03-16,11438734.0,28903.0,159044.0,188.0,228280763.0,873350.0,0.032,35064536.0,2117104.0,28862037.0
412,2021-03-17,11474605.0,35871.0,159216.0,172.0,229249784.0,969021.0,0.033,37143255.0,2078719.0,30600787.0
413,2021-03-18,11514331.0,39726.0,159370.0,154.0,230313163.0,1063379.0,0.034,39339817.0,2196562.0,32426230.0
414,2021-03-19,11555284.0,40953.0,159558.0,188.0,231370546.0,1057383.0,0.035,42063392.0,2723575.0,34842030.0
415,2021-03-20,11599130.0,43846.0,159755.0,197.0,232431517.0,1060971.0,0.036000000000000004,44603841.0,2540449.0,37125187.0
416,2021-03-21,11646081.0,46951.0,159967.0,212.0,0.0,0.0,0.039,45065998.0,462157.0,37574302.0
417,2021-03-22,11686796.0,40715.0,160166.0,199.0,234445774.0,0.0,0.039,48494594.0,3428596.0,40631153.0
418,2021-03-23,11734058.0,47262.0,160441.0,275.0,235413233.0,967459.0,0.040999999999999995,50841286.0,2346692.0,42731952.0
419,2021-03-24,11787534.0,53476.0,160692.0,251.0,236438861.0,1025628.0,0.044000000000000004,53145709.0,2304423.0,44846538.0
420,2021-03-25,11846652.0,59118.0,160949.0,257.0,237503882.0,1065021.0,0.046,55504440.0,2358731.0,47001472.0
421,2021-03-26,11908910.0,62258.0,161240.0,291.0,238604638.0,1100756.0,0.049,58109773.0,2605333.0,49426618.0
422,2021-03-27,11971624.0,62714.0,161552.0,312.0,239769553.0,1164915.0,0.051,60269782.0,2160009.0,51441436.0
423,2021-03-28,12039644.0,68020.0,161843.0,291.0,240950842.0,1181289.0,0.052000000000000005,60530435.0,260653.0,51660234.0
424,2021-03-29,12095855.0,56211.0,162114.0,271.0,241864161.0,913319.0,0.055,61113354.0,582919.0,52211398.0
425,2021-03-30,12149335.0,53480.0,162468.0,354.0,242650025.0,785864.0,0.057,63054353.0,1940999.0,53989035.0
426,2021-03-31,12221665.0,72330.0,162927.0,459.0,243672940.0,1022915.0,0.06,65117896.0,2063543.0,55783201.0
427,2021-04-01,12303131.0,81466.0,163396.0,469.0,244798621.0,1125681.0,0.063,68789138.0,3671242.0,59148798.0
428,2021-04-02,12392260.0,89129.0,164110.0,714.0,245912587.0,1113966.0,0.066,73054295.0,4265157.0,63081589.0
429,2021-04-03,12485509.0,93249.0,164623.0,513.0,246959192.0,1046605.0,0.071,75979651.0,2925356.0,65739470.0
430,2021-04-04,12589067.0,103558.0,165101.0,478.0,248125908.0,1166716.0,0.077,79105163.0,3125512.0,68678838.0
431,2021-04-05,12686049.0,96982.0,165547.0,446.0,249019657.0,893749.0,0.08199999999999999,83110926.0,4005763.0,72277309.0
432,2021-04-06,12801785.0,115736.0,166177.0,630.0,250231269.0,1211612.0,0.086,87077474.0,3966548.0,75937015.0
433,2021-04-07,12928574.0,126789.0,166862.0,685.0,251439598.0,1208329.0,0.091,90198673.0,3121199.0,78763027.0
434,2021-04-08,13060542.0,131968.0,167642.0,780.0,252677379.0,1237781.0,0.096,94334262.0,4135589.0,82456522.0
435,2021-04-09,13205926.0,145384.0,168436.0,794.0,254041584.0,1364205.0,0.1,98075160.0,3740898.0,85763852.0
436,2021-04-10,13358805.0,152879.0,169275.0,839.0,255214803.0,1173219.0,0.106,101595147.0,3519987.0,88885961.0
437,2021-04-11,13527717.0,168912.0,170179.0,904.0,256626850.0,1412047.0,0.11,104528565.0,2933418.0,91587400.0
438,2021-04-12,13689453.0,161736.0,171058.0,879.0,257806986.0,1180136.0,0.114,108533085.0,4004520.0,95043039.0
439,2021-04-13,13873825.0,184372.0,172085.0,1027.0,259207108.0,1400122.0,0.11900000000000001,111179578.0,2646493.0,97301914.0
440,2021-04-14,14074564.0,200739.0,173123.0,1038.0,260618866.0,1411758.0,0.125,114493238.0,3313660.0,100179199.0
441,2021-04-15,14291917.0,217353.0,174308.0,1185.0,262003415.0,1384549.0,0.132,117223509.0,2730271.0,102349255.0
442,2021-04-16,14526609.0,234692.0,175649.0,1341.0,263476625.0,1473210.0,0.14,119937641.0,2714132.0,104408484.0
443,2021-04-17,14788003.0,261394.0,177150.0,1501.0,264972022.0,1495397.0,0.146,122622590.0,2684949.0,106431076.0
444,2021-04-18,15061805.0,273802.0,178769.0,1619.0,266538416.0,1566394.0,0.155,123852566.0,1229976.0,107371770.0
445,2021-04-19,15320972.0,259167.0,180530.0,1761.0,267894549.0,1356133.0,0.162,127129113.0,3276547.0,109659181.0
446,2021-04-20,15616130.0,295158.0,182553.0,2023.0,269414035.0,1519486.0,0.171,0.0,0.0,0.0
447,2021-04-21,15930774.0,314644.0,184657.0,2104.0,271053392.0,1639357.0,0.17800000000000002,129646105.0,0.0,111673361.0
448,2021-04-22,16263695.0,332921.0,186920.0,2263.0,272705103.0,1651711.0,0.184,132754608.0,3108503.0,113584269.0
449,2021-04-23,16610481.0,346786.0,189544.0,2624.0,274445653.0,1740550.0,0.19,0.0,0.0,0.0
450,2021-04-24,16960172.0,349691.0,192311.0,2767.0,276199222.0,1753569.0,0.193,0.0,0.0,0.0
451,2021-04-25,17313163.0,352991.0,195123.0,2812.0,277918810.0,1719588.0,0.198,139185173.0,0.0,117795008.0
452,2021-04-26,17636186.0,323023.0,197894.0,2771.0,279321177.0,1402367.0,0.203,142524947.0,3339774.0,119886252.0
453,2021-04-27,17997113.0,360927.0,201187.0,3293.0,280979877.0,1658700.0,0.20600000000000002,144879233.0,2354286.0,121263287.0
454,2021-04-28,18376421.0,379308.0,204832.0,3645.0,282703789.0,1723912.0,0.21,147053392.0,2174159.0,122538179.0
455,2021-04-29,18762976.0,386555.0,208330.0,3498.0,284471979.0,1768190.0,0.212,149268772.0,2215380.0,123811908.0
